rank_th (article),time_std (article),rank_th (event),time_std (event),language,SUM F1,F1 (standard),P (standard),R (standard),F1 (bcubed),P (bcubed),R (bcubed),clusters
0.6,3,0.7,3,,1.4695518465470137,0.6723429913640909,0.9811848598261318,0.5113791437577814,0.7972088551829227,0.9380230456307744,0.6931539377159653,1109
0.5,3,0.7,3,,1.6980285113152114,0.8502214979282177,0.9852689484016777,0.7477323745446646,0.8478070133869937,0.9350771676847839,0.7754360614784478,1089