rank_th (mono),time_std (mono),rank_th (multi),time_std (multi),language,SUM F1,F1 (standard),P (standard),R (standard),F1 (bcubed),P (bcubed),R (bcubed),clusters
0.5,3,0.7,3,,1.724307373349068,0.8700983846979522,0.9844716065297979,0.7795342276850228,0.8542089886511157,0.930423637374869,0.7895350745890599,1066
0.6,3,0.7,3,,1.5058025154357044,0.6949993426749052,0.9870545765455221,0.5363122667788892,0.8108031727607993,0.9414661483739662,0.7119886243829548,1108
