rank_th (article),time_std (article),rank_th (event),time_std (event),language,SUM F1,F1 (standard),P (standard),R (standard),F1 (bcubed),P (bcubed),R (bcubed),clusters
0.6,3,,,,0.7219147752813753,0.24281674673650408,0.9940359602430874,0.13829987822740236,0.4790980285448712,0.9909583103953581,0.31591715415968585,4675
0.5,3,,,,1.2717326296313434,0.5603772852248742,0.987074032626462,0.39124720536960833,0.7113553444064692,0.9697907055962676,0.5616765675612284,2339
