rank_th (article),time_std (article),rank_th (event),time_std (event),language,SUM F1,F1 (standard),P (standard),R (standard),F1 (bcubed),P (bcubed),R (bcubed),clusters
0.6,3,0.7,3,,1.5640904686654309,0.744320912596614,0.9881181010499865,0.5970191075583318,0.8197695560688169,0.9399776098798954,0.7268208337049124,1112
0.5,3,0.7,3,,1.788803672825549,0.9220442759142482,0.9854891016041462,0.8662743776951501,0.8667593969113008,0.9294386000551382,0.8119999841271942,1074